question_id,source_student_pdf,source_student_pdf_sha256,source_teacher_pdf,source_teacher_pdf_sha256,source_pages,stored_answer,source_answer,answer_match,asset_required,crop_mode,source_image_count,asset_path,width_px,height_px,asset_sha256,teacher_answer_mark_included,review_status,alt_text
20220424_007,산업안전기사20220424(학생용).pdf,3b6c27b72424a7c4e2f6406716f73802605038cd9fa82a086812718a41467d18,산업안전기사20220424(교사용).pdf,1b4c5de7b03b7b49b986ddbf69455c3454cd99dbab03af991e4ac4f6bc35452b,1+1,3,3,True,True,embedded-visual,1,src/assets/questions/industrial-safety/20220424_007.png,948,408,eac46d0dd827d441f5ec9a55b624d06c15045aa7f7ea85cfb86cce12023d9f15,False,jpg 확필,"산업안전보건법령상 안전보건관리규정 작성 시 포함되어야 하는 사항을 모두 고른 것은? (단, 그 밖에 안전 및 보건에 관한 사항은 제외한다.) 문항에 제시된 원본 표·수식·도형"
20220424_002,산업안전기사20220424(학생용).pdf,3b6c27b72424a7c4e2f6406716f73802605038cd9fa82a086812718a41467d18,산업안전기사20220424(교사용).pdf,1b4c5de7b03b7b49b986ddbf69455c3454cd99dbab03af991e4ac4f6bc35452b,1,3,3,True,True,embedded-visual,1,src/assets/questions/industrial-safety/20220424_002.png,782,408,dd5c3226bef607a531b3717c46c569c2d95b97e73e0a422d31f3ed49f41dbfd1,False,jpg 확필,A사업장의 현황이 다음과 같을 때 이 사업장의 강도율은? 문항에 제시된 원본 표·수식·도형
20220424_003,산업안전기사20220424(학생용).pdf,3b6c27b72424a7c4e2f6406716f73802605038cd9fa82a086812718a41467d18,산업안전기사20220424(교사용).pdf,1b4c5de7b03b7b49b986ddbf69455c3454cd99dbab03af991e4ac4f6bc35452b,1,2,2,True,True,embedded-visual,1,src/assets/questions/industrial-safety/20220424_003.png,794,155,b9da550f90aba18466ad53ff4caa242866b428a74ca7c616b00f5fb7eaa2ae71,False,jpg 확필,보호구 자율안전확인 고시상 자율안전확인 보호구에 표시하여야 하는 사항을 모두 고른 것은? 문항에 제시된 원본 표·수식·도형
20220424_023,산업안전기사20220424(학생용).pdf,3b6c27b72424a7c4e2f6406716f73802605038cd9fa82a086812718a41467d18,산업안전기사20220424(교사용).pdf,1b4c5de7b03b7b49b986ddbf69455c3454cd99dbab03af991e4ac4f6bc35452b,2+2,4,4,True,True,embedded-visual,1,src/assets/questions/industrial-safety/20220424_023.png,960,290,d25e321c772adda342908cb77e166f8994d08caabdc439621a7207bcef418541,False,jpg 확필,"A작업의 평균에너지소비량이 다음과 같을 때, 60분간의 총 작업시간 내에 포함되어야 하는 휴식시간(분)은? 문항에 제시된 원본 표·수식·도형"
20220424_030,산업안전기사20220424(학생용).pdf,3b6c27b72424a7c4e2f6406716f73802605038cd9fa82a086812718a41467d18,산업안전기사20220424(교사용).pdf,1b4c5de7b03b7b49b986ddbf69455c3454cd99dbab03af991e4ac4f6bc35452b,3,4,4,True,True,embedded-visual,4,src/assets/questions/industrial-safety/20220424_030.png,700,454,1304a360a2ff1afbd968525a845becedc7918d85d8633ca45541c5bdf6cf4566,False,jpg 확필,FTA(Fault Tree Analysis)에서 사용되는 사상 기호 중 통상의 작업이나 기계의 상태에서 재해의 발생 원인이 되는 요소가 있는 것은? 문항에 제시된 원본 표·수식·도형
20220424_028,산업안전기사20220424(학생용).pdf,3b6c27b72424a7c4e2f6406716f73802605038cd9fa82a086812718a41467d18,산업안전기사20220424(교사용).pdf,1b4c5de7b03b7b49b986ddbf69455c3454cd99dbab03af991e4ac4f6bc35452b,2,2,2,True,True,embedded-visual,1,src/assets/questions/industrial-safety/20220424_028.png,763,614,e7fd398a9ec490ac1baa6e85636db5d4556b56fde8599933a16cbdf3333015ff,False,jpg 확필,"그림과 같은 FT도에 대한 최소 컷셋(minmal cut sets)으로 옳은 것은? (단, Fussell의 알고리즘을 따른다.) 문항에 제시된 원본 표·수식·도형"
20220424_032,산업안전기사20220424(학생용).pdf,3b6c27b72424a7c4e2f6406716f73802605038cd9fa82a086812718a41467d18,산업안전기사20220424(교사용).pdf,1b4c5de7b03b7b49b986ddbf69455c3454cd99dbab03af991e4ac4f6bc35452b,3,4,4,True,True,embedded-visual,1,src/assets/questions/industrial-safety/20220424_032.png,628,168,ddc4cc81155c35a399fc379356637711c5e2202ce2b3c26e2cb17d00d5657976,False,jpg 확필,근골격계질환 작업분석 및 평가 방법인 OWAS의 평가요소를 모두 고른 것은? 문항에 제시된 원본 표·수식·도형
20220424_034,산업안전기사20220424(학생용).pdf,3b6c27b72424a7c4e2f6406716f73802605038cd9fa82a086812718a41467d18,산업안전기사20220424(교사용).pdf,1b4c5de7b03b7b49b986ddbf69455c3454cd99dbab03af991e4ac4f6bc35452b,3,3,3,True,True,embedded-visual,4,src/assets/questions/industrial-safety/20220424_034.png,745,560,6aeed688cff74aaa9fbaf0ce8392433fb59babfe4acdb2497f2b08127992b433,False,jpg 확필,"n개의 요소를 가진 병렬 시스템에 있어 요소의 수명(MTTF)이 지수 분포를 따를 경우, 이 시스템의 수명으로 옳은 것은? 문항에 제시된 원본 표·수식·도형"
20220424_031,산업안전기사20220424(학생용).pdf,3b6c27b72424a7c4e2f6406716f73802605038cd9fa82a086812718a41467d18,산업안전기사20220424(교사용).pdf,1b4c5de7b03b7b49b986ddbf69455c3454cd99dbab03af991e4ac4f6bc35452b,3,3,3,True,True,embedded-visual,1,src/assets/questions/industrial-safety/20220424_031.png,747,86,54aea80e9bd694efae4668a91b31ab4aaef37eaf0bbaed47cf7ce92d30683802,False,jpg 확필,불(Bool) 대수의 정리를 나타낸 관계식 중 틀린 것은? 문항에 제시된 원본 표·수식·도형
20220424_040,산업안전기사20220424(학생용).pdf,3b6c27b72424a7c4e2f6406716f73802605038cd9fa82a086812718a41467d18,산업안전기사20220424(교사용).pdf,1b4c5de7b03b7b49b986ddbf69455c3454cd99dbab03af991e4ac4f6bc35452b,3,3,3,True,True,embedded-visual,1,src/assets/questions/industrial-safety/20220424_040.png,947,168,ee27f8f6c98ab7a17a8e1899930e273759ce1ddf8cf9c26292d95908d2768018,False,jpg 확필,1 sone에 관한 설명으로 ( )에 알맞은 수치는? 문항에 제시된 원본 표·수식·도형
20220424_072,산업안전기사20220424(학생용).pdf,3b6c27b72424a7c4e2f6406716f73802605038cd9fa82a086812718a41467d18,산업안전기사20220424(교사용).pdf,1b4c5de7b03b7b49b986ddbf69455c3454cd99dbab03af991e4ac4f6bc35452b,6,3,3,True,True,embedded-visual,4,src/assets/questions/industrial-safety/20220424_072.png,938,757,48136094bd108b82269a2411a6e1a8657343bd1bff30064dce1cbbe14ad4a9d0,False,jpg 확필,아크방전의 전압전류 특성으로 가장 옳은 것은? 문항에 제시된 원본 표·수식·도형
20220424_091,산업안전기사20220424(학생용).pdf,3b6c27b72424a7c4e2f6406716f73802605038cd9fa82a086812718a41467d18,산업안전기사20220424(교사용).pdf,1b4c5de7b03b7b49b986ddbf69455c3454cd99dbab03af991e4ac4f6bc35452b,7,1,1,True,True,embedded-visual,1,src/assets/questions/industrial-safety/20220424_091.png,914,290,d9838587be375493147c9a71a8d7c030f522dc5e863523fd7a2615dc97f149a0,False,jpg 확필,산업안전보건법령상 다음 인화성 가스의 정의에서 ( ) 안에 알맞은 값은? 문항에 제시된 원본 표·수식·도형
20220424_097,산업안전기사20220424(학생용).pdf,3b6c27b72424a7c4e2f6406716f73802605038cd9fa82a086812718a41467d18,산업안전기사20220424(교사용).pdf,1b4c5de7b03b7b49b986ddbf69455c3454cd99dbab03af991e4ac4f6bc35452b,7,4,4,True,True,embedded-visual,1,src/assets/questions/industrial-safety/20220424_097.png,770,468,ea53825027bb1fae0258144ea3e7fdb9b89ef770633fb9da0ae6d957a1e03b91,False,jpg 확필,다음 표의 가스(A~D)를 위험도가 큰 것부터 작은 순으로 나열한 것은? 문항에 제시된 원본 표·수식·도형
20220305_022,산업안전기사20220305(학생용).pdf,2475e2eb73dec3220fea6f6324e25091f83ee9de0de63f89b590bd3acc91e033,산업안전기사20220305(교사용).pdf,b8bb9fc3d0a29730b75c8d87867e80f528986626e9769432b14de7102582e1a7,2,2,2,True,True,embedded-visual,1,src/assets/questions/industrial-safety/20220305_022.png,887,237,a89873bafd03811a85003cbbecb51be8fc4bb592593f26581effa06954bce42d,False,jpg 확필,"그림과 같은 시스템에서 부품 A, B, C, D의 신뢰도가 모두 r로 동일할 때 이 시스템의 신뢰도는? 문항에 제시된 원본 표·수식·도형"
20220305_014,산업안전기사20220305(학생용).pdf,2475e2eb73dec3220fea6f6324e25091f83ee9de0de63f89b590bd3acc91e033,산업안전기사20220305(교사용).pdf,b8bb9fc3d0a29730b75c8d87867e80f528986626e9769432b14de7102582e1a7,1,4,4,True,True,embedded-visual,1,src/assets/questions/industrial-safety/20220305_014.png,546,483,701d068cbdf23b1835fab349989fdf06933d726c9d7f7935c1a78fb0ee961715,False,jpg 확필,산업안전보건법령상 그림과 같은 기본 모형이 나타내는 안전·보건표시의 표시사항으로 옳은 것은? 문항에 제시된 원본 표·수식·도형
20220305_023,산업안전기사20220305(학생용).pdf,2475e2eb73dec3220fea6f6324e25091f83ee9de0de63f89b590bd3acc91e033,산업안전기사20220305(교사용).pdf,b8bb9fc3d0a29730b75c8d87867e80f528986626e9769432b14de7102582e1a7,2,2,2,True,True,embedded-visual,1,src/assets/questions/industrial-safety/20220305_023.png,984,391,df7403d83c745fdb41fbf2917609bd84bf7f7f973c2d722ef60cad0b3efcf442,False,jpg 확필,서브시스템 분석에 사용되는 분석방법으로 시스템 수명주기에서 ㉠에 들어갈 위험분석기법은? 문항에 제시된 원본 표·수식·도형
20220305_040,산업안전기사20220305(학생용).pdf,2475e2eb73dec3220fea6f6324e25091f83ee9de0de63f89b590bd3acc91e033,산업안전기사20220305(교사용).pdf,b8bb9fc3d0a29730b75c8d87867e80f528986626e9769432b14de7102582e1a7,3,3,3,True,True,embedded-visual,1,src/assets/questions/industrial-safety/20220305_040.png,959,228,bb59380928a40800f25e56be232c79ae9fc0747c552cbe57fd936ca26a6bad78,False,jpg 확필,James Reason의 원인적 휴먼에러 종류 중 다음 설명의 휴먼에러 종류는? 문항에 제시된 원본 표·수식·도형
20220305_084,산업안전기사20220305(학생용).pdf,2475e2eb73dec3220fea6f6324e25091f83ee9de0de63f89b590bd3acc91e033,산업안전기사20220305(교사용).pdf,b8bb9fc3d0a29730b75c8d87867e80f528986626e9769432b14de7102582e1a7,6,1,1,True,True,embedded-visual,1,src/assets/questions/industrial-safety/20220305_084.png,970,531,53c9086937e0fdfa7f5f9d09e536ab4fd62c7c9f5492ffb5aaa5828c57bd62fd,False,jpg 확필,다음 표와 같은 혼합가스의 폭발범위(vol%)로 옳은 것은? 문항에 제시된 원본 표·수식·도형
20210814_021,산업안전기사20210814(학생용).pdf,b6f2032e2e8e7cabdb638c87813dfc2b5b78cdc84a9e4b655ed2252411870ccd,산업안전기사20210814(교사용).pdf,00d93ff9509fe32cf500f249f5d2c7b46c85880fb12004fd2349a20f94792a96,2,2,2,True,True,embedded-visual,1,src/assets/questions/industrial-safety/20210814_021.png,938,158,adb5c7bbb531e9a4fefd2b73296b609fe671842efa0638291f1b5c34c995465f,False,jpg 확필,다음 상황은 인간실수의 분류 중 어느 것에 해당하는가? 문항에 제시된 원본 표·수식·도형
20210814_036,산업안전기사20210814(학생용).pdf,b6f2032e2e8e7cabdb638c87813dfc2b5b78cdc84a9e4b655ed2252411870ccd,산업안전기사20210814(교사용).pdf,00d93ff9509fe32cf500f249f5d2c7b46c85880fb12004fd2349a20f94792a96,3,3,3,True,True,embedded-visual,1,src/assets/questions/industrial-safety/20210814_036.png,1039,640,f6e2e222b0bb2988c25cac46df929b77ff36449095de1c6d9da86ed60b7dc2ff,False,jpg 확필,다음 그림에서 명료도 지수는? 문항에 제시된 원본 표·수식·도형
20210814_028,산업안전기사20210814(학생용).pdf,b6f2032e2e8e7cabdb638c87813dfc2b5b78cdc84a9e4b655ed2252411870ccd,산업안전기사20210814(교사용).pdf,00d93ff9509fe32cf500f249f5d2c7b46c85880fb12004fd2349a20f94792a96,2,1,1,True,True,embedded-visual,1,src/assets/questions/industrial-safety/20210814_028.png,671,547,a1e5bc5eca987758afd623672866f34875dddbe3c9f7bb7dd648b8d17b8b4d16,False,jpg 확필,FT도에서 최소 컷셋을 올바르게 구한 것은? 문항에 제시된 원본 표·수식·도형
20210814_033,산업안전기사20210814(학생용).pdf,b6f2032e2e8e7cabdb638c87813dfc2b5b78cdc84a9e4b655ed2252411870ccd,산업안전기사20210814(교사용).pdf,00d93ff9509fe32cf500f249f5d2c7b46c85880fb12004fd2349a20f94792a96,3,2,2,True,True,embedded-visual,4,src/assets/questions/industrial-safety/20210814_033.png,645,338,1dd5b19a355f06af906a2d26ad3977af653a6682f0b9291588b36b6c170c79b5,False,jpg 확필,FTA에서 사용되는 사상기호 중 결함사상을 나타낸 기호로 옳은 것은? 문항에 제시된 원본 표·수식·도형
20210814_062,산업안전기사20210814(학생용).pdf,b6f2032e2e8e7cabdb638c87813dfc2b5b78cdc84a9e4b655ed2252411870ccd,산업안전기사20210814(교사용).pdf,00d93ff9509fe32cf500f249f5d2c7b46c85880fb12004fd2349a20f94792a96,4+5,4,4,True,True,embedded-visual,1,src/assets/questions/industrial-safety/20210814_062.png,1024,380,23f59762934209eaf940ed431f96f4ec827f77c90b0799ae5bc31695279ec966,False,jpg 확필,전류가 흐르는 상태에서 단로기를 끊었을 때 파괴작용을 일으킨다. 유입차단기의 차단순서와 투입순서가 안전수칙에 가장 적합한 것은? 문항에 제시된 원본 표·수식·도형
20210307_031,산업안전기사20210307(학생용).pdf,24dd4b4bb2ca8438f62de243fefb351e483831417546650158920118a881b757,산업안전기사20210307(교사용).pdf,a685da97f1f6da5db3f8f22a833f7181de535233df7264df85e4d86edc516b93,2,1,1,True,True,embedded-visual,1,src/assets/questions/industrial-safety/20210307_031.png,1034,270,0afe18a7110012682c159d521acef837ba7eeaf96da7a83109db5c090d03ae61,False,jpg 확필,다음 시스템의 신뢰도 값은? 문항에 제시된 원본 표·수식·도형
20210307_039,산업안전기사20210307(학생용).pdf,24dd4b4bb2ca8438f62de243fefb351e483831417546650158920118a881b757,산업안전기사20210307(교사용).pdf,a685da97f1f6da5db3f8f22a833f7181de535233df7264df85e4d86edc516b93,3,2,2,True,True,embedded-visual,1,src/assets/questions/industrial-safety/20210307_039.png,749,112,9c9021bbd5667ca490210f0ab4447ff4d24d1bfa06b999c21dcb2af31d0c5618,False,jpg 확필,불(Boole) 대수의 정리를 나타낸 관계식으로 틀린 것은? 문항에 제시된 원본 표·수식·도형
20210307_033,산업안전기사20210307(학생용).pdf,24dd4b4bb2ca8438f62de243fefb351e483831417546650158920118a881b757,산업안전기사20210307(교사용).pdf,a685da97f1f6da5db3f8f22a833f7181de535233df7264df85e4d86edc516b93,3,1,1,True,True,embedded-visual,1,src/assets/questions/industrial-safety/20210307_033.png,461,507,7d41a547e3391c4f0279b3b4c70560c271b12121d647ce0604f0465d518e0f1e,False,jpg 확필,"그림과 같은 FT도에서 정상사상 T의 발생 확률은? (단, X1, X2, X3의 발생 확률은 각각 0.1, 0.15, 0.1이다.) 문항에 제시된 원본 표·수식·도형"
20210307_098,산업안전기사20210307(학생용).pdf,24dd4b4bb2ca8438f62de243fefb351e483831417546650158920118a881b757,산업안전기사20210307(교사용).pdf,a685da97f1f6da5db3f8f22a833f7181de535233df7264df85e4d86edc516b93,6+7,3,3,True,True,embedded-visual,3,src/assets/questions/industrial-safety/20210307_098.png,898,321,b0f5c167da107d31997fc18dc40b840b5648f64db8c0f8947da23d11841d70cd,False,jpg 확필,"다음 중 최소발화에너지(E[J])를 구하는 식으로 옳은 것은? (단, I는 전류[A], R은 저항[Ω], V는 전압[V], C는 콘덴서 용량[F], T는 시간[초]이라 한다.) 문항에 제시된 원본 표·수식·도형"
20210515_032,산업안전기사20210515(학생용).pdf,078d2ffeab0bf5b91af346b5ac69818c1ee69d761f168bc7ab4971b1024c5eb8,산업안전기사20210515(교사용).pdf,4e926fd7ea80a1b2087582696375d4b70285391cc3b07e5d814271752c2d99bf,2,3,3,True,True,embedded-visual,1,src/assets/questions/industrial-safety/20210515_032.png,529,302,024c38c8274f81ea6f3b58e1165b015668047cf57e8a59cf48e0d95764955918,False,jpg 확필,FTA에서 사용하는 다음 사상기호에 대한 설명으로 맞는 것 은? 문항에 제시된 원본 표·수식·도형
20210515_014,산업안전기사20210515(학생용).pdf,078d2ffeab0bf5b91af346b5ac69818c1ee69d761f168bc7ab4971b1024c5eb8,산업안전기사20210515(교사용).pdf,4e926fd7ea80a1b2087582696375d4b70285391cc3b07e5d814271752c2d99bf,1,4,4,True,True,embedded-visual,4,src/assets/questions/industrial-safety/20210515_014.png,865,373,0f92932e3d412adcb40b67b357258fd6c0b389cb9aacadeb7ca8da9a481469b7,False,jpg 확필,헤링(Hering)의 착시현상에 해당하는 것은? 문항에 제시된 원본 표·수식·도형
20210515_028,산업안전기사20210515(학생용).pdf,078d2ffeab0bf5b91af346b5ac69818c1ee69d761f168bc7ab4971b1024c5eb8,산업안전기사20210515(교사용).pdf,4e926fd7ea80a1b2087582696375d4b70285391cc3b07e5d814271752c2d99bf,2,3,3,True,True,embedded-visual,1,src/assets/questions/industrial-safety/20210515_028.png,658,544,0425fb21093ced3bc7e44426f58d2f598531523a5c968b0e447c7f050e0f2904,False,jpg 확필,"FT도에서 시스템의 신뢰도는 얼마인가? (단, 모든 부품의 발생확률은 0.1 이다.) 문항에 제시된 원본 표·수식·도형"
20210515_085,산업안전기사20210515(학생용).pdf,078d2ffeab0bf5b91af346b5ac69818c1ee69d761f168bc7ab4971b1024c5eb8,산업안전기사20210515(교사용).pdf,4e926fd7ea80a1b2087582696375d4b70285391cc3b07e5d814271752c2d99bf,6,2,2,True,True,embedded-visual,1,src/assets/questions/industrial-safety/20210515_085.png,973,545,59aac60eac9349f08de587a4d7a88fc88123362f93793d7be0feb04b3a77d832,False,jpg 확필,"다음 [표]를 참조하여 메탄 70vol%, 프로판 21vol%, 부탄 9vol%인 혼합가스의 폭발범위를 구하면 약 몇 vol%인가? 문항에 제시된 원본 표·수식·도형"
20190804_064,산업안전기사20190804(학생용).pdf,1655528cdd811829462e94d3c73fc59e5b3f6735a8ef024155ddb2a2a991d12e,산업안전기사20190804(교사용).pdf,9606d2724d812c6093467d9d9915a7835491c3e42839c5a45d870ba5f30d7a03,5,3,3,True,True,embedded-visual,4,src/assets/questions/industrial-safety/20190804_064.png,647,372,e5d85e18098a8f7b2b42de68bb8408b43fc06592b42e6de581874ec2d6687f38,False,jpg 확필,"정전에너지를 나타내는 식으로 알맞은 것은? (단, Q는 대전 전하량, C는 정전용량이다.) 문항에 제시된 원본 표·수식·도형"
20200606_073,산업안전기사20200606(학생용).pdf,7f8abfa6b6347e902848c78ed719cdeb56d5bf50090ef768116a7aa4d272f034,산업안전기사20200606(교사용).pdf,f9f668b2b86764f0f94b5297f3341b1ad442a5684ae8cb223588c514c371f02c,5,3,3,True,True,embedded-visual,4,src/assets/questions/industrial-safety/20200606_073.png,1042,397,fb8685666d64f978e3146ca99db54888338e081d756b7bc6487e3495b159be97,False,jpg 확필,"온도조절용 바이메탈과 온도 퓨즈가 회로에 조합되어 있는 다리미를 사용한 가정에서 화재가 발생했다. 다리미에 부착되어 있던 바이메탈과 온도퓨즈를 대상으로 화재사고를 분석하려 하는데 논리기호를 사용하여 표현하고자 한다. 어느 기호가 적당한가? (단, 바이메탈의 작동과 온도 퓨즈가 끈어졌을 경우를 0, 그렇지 않을 경우를 1이라 한다.) 문항에 제시된 원본 표·수식·도형"
20200926_010,산업안전기사20200926(학생용).pdf,22b953740a8a30a5b7946b8c664ead3a3b7680b2fad17ebc4dde97943b7b4dae,산업안전기사20200926(교사용).pdf,a4ce8040ca0d68612065691c0607ee630508854a1bb6d2bf340a7f014601b3ba,1,3,3,True,True,embedded-visual,1,src/assets/questions/industrial-safety/20200926_010.png,352,383,8339878f761e2c81cc362a1716fe64e97bdef8d1ab9dcf8dfda5e40982cdcb4d,False,jpg 확필,재해의 발생형태 중 다음 그림이 나타내는 것은? 문항에 제시된 원본 표·수식·도형
20200926_068,산업안전기사20200926(학생용).pdf,22b953740a8a30a5b7946b8c664ead3a3b7680b2fad17ebc4dde97943b7b4dae,산업안전기사20200926(교사용).pdf,a4ce8040ca0d68612065691c0607ee630508854a1bb6d2bf340a7f014601b3ba,5,1,1,True,True,embedded-visual,4,src/assets/questions/industrial-safety/20200926_068.png,1031,354,af56f01e9a941bdd59e0c3af7a1a95f0c323db5d5be65c4ed83ec59f767be157,False,jpg 확필,"정전유도를 받고 있는 접지되어 있지 않는 도전성 물체에 접촉한 경우 전격을 당하게 되는데 이 때 물체에 유도된 전압 V(V)를 옳게 나타낸 것은? (단, E는 송전선의 대지전압, C1은 송전선과 물체사이의 정전용량, C2는 물체와 대지사이의 정전용량이며, 물체와 대지사이의 저항은 무시한다.) 문항에 제시된 원본 표·수식·도형"
20180304_006,산업안전기사20180304(학생용).pdf,3267979b183b5785148b50e5e1959bf51835f3c9779df9e6e62d59bbf901b518,산업안전기사20180304(교사용).pdf,25512d3e4c83daf7affc147f837a24f6c47d9ca8c692d17c36e233965903cff0,1,3,3,True,True,embedded-visual,1,src/assets/questions/industrial-safety/20180304_006.png,926,217,0c55f27185fbd2d9fc6a8a36c5f585b0c66855146983857740c61d7430ac35bf,False,jpg 확필,산업안전보건법령상 지방고용노동관서의 장이 사업주에게 안 전관리자ㆍ보건관리자 또는 안전보건관리담당자를 정수 이상 으로 증원하게 하거나 교체하여 임명할 것을 명할 수 잇는 경우의 기준 중 다음 ( ) 안에 알맞은 것은?(2020년 1월 16 일 개정된 규정 적용) 문항에 제시된 원본 표·수식·도형
20180304_002,산업안전기사20180304(학생용).pdf,3267979b183b5785148b50e5e1959bf51835f3c9779df9e6e62d59bbf901b518,산업안전기사20180304(교사용).pdf,25512d3e4c83daf7affc147f837a24f6c47d9ca8c692d17c36e233965903cff0,1,1,1,True,True,embedded-visual,1,src/assets/questions/industrial-safety/20180304_002.png,819,160,fe7747e086ee2541d2ae39638b448762e3bd5fd316e6fd2f7b8cd6b112c6c66a,False,jpg 확필,재해사례연구의 진행단계 중 다음 ( ) 안에 알맞은 것은? 문항에 제시된 원본 표·수식·도형
20180304_012,산업안전기사20180304(학생용).pdf,3267979b183b5785148b50e5e1959bf51835f3c9779df9e6e62d59bbf901b518,산업안전기사20180304(교사용).pdf,25512d3e4c83daf7affc147f837a24f6c47d9ca8c692d17c36e233965903cff0,1,4,4,True,True,embedded-visual,1,src/assets/questions/industrial-safety/20180304_012.png,768,743,c2a55479c827a0ba82db23fb41a09bf81087d269fca58034086f113ee8bf44e1,False,jpg 확필,다음의 방진마스크 형태로 옳은 것은? 문항에 제시된 원본 표·수식·도형
20180304_021,산업안전기사20180304(학생용).pdf,3267979b183b5785148b50e5e1959bf51835f3c9779df9e6e62d59bbf901b518,산업안전기사20180304(교사용).pdf,25512d3e4c83daf7affc147f837a24f6c47d9ca8c692d17c36e233965903cff0,2,2,2,True,True,embedded-visual,2,src/assets/questions/industrial-safety/20180304_021.png,1042,489,5afedec02b12832ac027903955ae18e76862d0c2c14264c7b255a591fe04a9e8,False,jpg 확필,에너지 대사율(RMR)에 대한 설명으로 틀린 것은? 문항에 제시된 원본 표·수식·도형
20180304_056,산업안전기사20180304(학생용).pdf,3267979b183b5785148b50e5e1959bf51835f3c9779df9e6e62d59bbf901b518,산업안전기사20180304(교사용).pdf,25512d3e4c83daf7affc147f837a24f6c47d9ca8c692d17c36e233965903cff0,4,3,3,True,True,embedded-visual,1,src/assets/questions/industrial-safety/20180304_056.png,393,537,b0870382e81501184c10ba6b825de0712926e16e620f5c494fb3e819f6db7c13,False,jpg 확필,"그림과 같이 50kN의 중량물을 와이어 로프를 이용하여 상부에 60도의 각도가 되도록 들어 올릴 때, 로프 하나에 걸리는 하중(T)은 약 몇 kN인가? 문항에 제시된 원본 표·수식·도형"
20180304_068,산업안전기사20180304(학생용).pdf,3267979b183b5785148b50e5e1959bf51835f3c9779df9e6e62d59bbf901b518,산업안전기사20180304(교사용).pdf,25512d3e4c83daf7affc147f837a24f6c47d9ca8c692d17c36e233965903cff0,5+5,4,4,True,True,embedded-visual,5,src/assets/questions/industrial-safety/20180304_068.png,1019,548,a0ee27467db78aa2fdb31dd10e873668dfb9cf066d452c432cbeb79ad2f4fc2d,False,jpg 확필,감전사고를 방지하기 위해 허용보폭전압에 대한 수식으로 맞는 것은? 문항에 제시된 원본 표·수식·도형
20180304_080,산업안전기사20180304(학생용).pdf,3267979b183b5785148b50e5e1959bf51835f3c9779df9e6e62d59bbf901b518,산업안전기사20180304(교사용).pdf,25512d3e4c83daf7affc147f837a24f6c47d9ca8c692d17c36e233965903cff0,6,2,2,True,True,embedded-visual,1,src/assets/questions/industrial-safety/20180304_080.png,340,151,88beec8f68bf6a8166284403e9381b055d997da975220defd67f0d017f26a21b,False,jpg 확필,"인체저항을 500Ω이라 한다면, 심실세동을 일으키는 위험 한계 에너지는 약 몇 J 인가? (단, 심실세동전류값 의 Dalziel의 식을 이용하며, 통전시간 은 1초로 한다.) 문항에 제시된 원본 표·수식·도형"
20180304_106,산업안전기사20180304(학생용).pdf,3267979b183b5785148b50e5e1959bf51835f3c9779df9e6e62d59bbf901b518,산업안전기사20180304(교사용).pdf,25512d3e4c83daf7affc147f837a24f6c47d9ca8c692d17c36e233965903cff0,7,2,2,True,True,embedded-visual,1,src/assets/questions/industrial-safety/20180304_106.png,844,275,c2f38079d013a88fa96cfe4451339cd825cb6f4cb71a6d4df20a779f815d82f7,False,jpg 확필,다음 보기의 ( ) 안에 알맞은 내용은? 문항에 제시된 원본 표·수식·도형
20180304_101,산업안전기사20180304(학생용).pdf,3267979b183b5785148b50e5e1959bf51835f3c9779df9e6e62d59bbf901b518,산업안전기사20180304(교사용).pdf,25512d3e4c83daf7affc147f837a24f6c47d9ca8c692d17c36e233965903cff0,7+7,2,2,True,True,embedded-visual,1,src/assets/questions/industrial-safety/20180304_101.png,483,412,1e74827d43b8d2293fe8619e2d345ebfa135e75b7199fe7a461c3666737f2cf5,False,jpg 확필,보통 흙의 건지를 다음 그림과 같이 굴착하고자 한다. 굴 착면의 기울기를 1:0.5로 하고자 할 경우 L의 길이로 옳은 것은? 문항에 제시된 원본 표·수식·도형
20180428_002,산업안전기사20180428(학생용).pdf,2df3ae07dcbdf658b257ba4a30832d14b11939c563882a5a724acc37470c0df9,산업안전기사20180428(교사용).pdf,110f90d0fe5441dbf0210a5c4d88a37eef59bdeb8a13fc1eb7e4f84c3351d31d,1,3,3,True,True,embedded-visual,1,src/assets/questions/industrial-safety/20180428_002.png,379,400,986d26b0eaeb157999f008a6fdef9f0b696b064a18662dcd3b9832ed71c17d5d,False,jpg 확필,재해의 발생형태 중 다음 그림이 나타내는 것은? 문항에 제시된 원본 표·수식·도형
20180428_007,산업안전기사20180428(학생용).pdf,2df3ae07dcbdf658b257ba4a30832d14b11939c563882a5a724acc37470c0df9,산업안전기사20180428(교사용).pdf,110f90d0fe5441dbf0210a5c4d88a37eef59bdeb8a13fc1eb7e4f84c3351d31d,1+1,3,3,True,True,embedded-visual,1,src/assets/questions/industrial-safety/20180428_007.png,361,371,5339d3132776c42dff4dbc1b00343b8df74055cfe89ad01e78140eb5e783dce7,False,jpg 확필,산업안전보건법령상 안전·보건표지의 종류 중 다음 안전·보건 표지의 명칭은? 문항에 제시된 원본 표·수식·도형
20180428_030,산업안전기사20180428(학생용).pdf,2df3ae07dcbdf658b257ba4a30832d14b11939c563882a5a724acc37470c0df9,산업안전기사20180428(교사용).pdf,110f90d0fe5441dbf0210a5c4d88a37eef59bdeb8a13fc1eb7e4f84c3351d31d,2,3,3,True,True,embedded-visual,1,src/assets/questions/industrial-safety/20180428_030.png,384,492,2b581dfa20413ae372cddaf4e1e4c0df31ec4d772bcc461515d8f9972fc08f48,False,jpg 확필,다음의 FT도에서 사상 A의 발생 확률 값은? 문항에 제시된 원본 표·수식·도형
20180428_039,산업안전기사20180428(학생용).pdf,2df3ae07dcbdf658b257ba4a30832d14b11939c563882a5a724acc37470c0df9,산업안전기사20180428(교사용).pdf,110f90d0fe5441dbf0210a5c4d88a37eef59bdeb8a13fc1eb7e4f84c3351d31d,3+3,4,4,True,True,embedded-visual,1,src/assets/questions/industrial-safety/20180428_039.png,736,326,07da300d718bbd57a50cb8bedf30560979729a72f08f58f7425b50ba5f273bee,False,jpg 확필,"다음 그림과 같은 직 병렬 시스템의 신뢰도는? (단, 병렬 각 구성요소의 신뢰도는 R이고, 직렬 구성요소의 신뢰도는 M이다.) 문항에 제시된 원본 표·수식·도형"
20180428_065,산업안전기사20180428(학생용).pdf,2df3ae07dcbdf658b257ba4a30832d14b11939c563882a5a724acc37470c0df9,산업안전기사20180428(교사용).pdf,110f90d0fe5441dbf0210a5c4d88a37eef59bdeb8a13fc1eb7e4f84c3351d31d,5,3,3,True,False,not-an-image-question,0,,,,,False,jpg 확필,
20180428_063,산업안전기사20180428(학생용).pdf,2df3ae07dcbdf658b257ba4a30832d14b11939c563882a5a724acc37470c0df9,산업안전기사20180428(교사용).pdf,110f90d0fe5441dbf0210a5c4d88a37eef59bdeb8a13fc1eb7e4f84c3351d31d,5,1,1,True,True,embedded-visual,1,src/assets/questions/industrial-safety/20180428_063.png,340,150,2c57f3c28e5c84d7a5f62b68b8692a56f12965d57112a3697b6d9664f594b0c0,False,jpg 확필,"인체의 전기저항을 0.5kΩ이라고 하면 심실세동을 일으키는 위험한계 에너지는 몇 J인가? (단, 심실세동전류값의 Dalziel의 식을 이용하며, 통전시간은 1초로 한다.) 문항에 제시된 원본 표·수식·도형"
20180819_039,산업안전기사20180819(학생용).pdf,fcf6c078ce99bd6af988c6505c8b657c611c0761cc6cfa972a7c9042a02a7ddc,산업안전기사20180819(교사용).pdf,0a545b169ef001bc004629357c2b96e433e3b4da7cf2c69216147920f53bb92b,3,1,1,True,True,embedded-visual,1,src/assets/questions/industrial-safety/20180819_039.png,797,505,f76b9aa24fc168c20fd9393c20e687ff5c2fa804af9a2c65d39c53185eae6715,False,jpg 확필,다음 그림에서 시스템 위험분석 기법 중 PHA(예비위험분석) 가 실행되는 사이클의 영역으로 맞는 것은? 문항에 제시된 원본 표·수식·도형
20180819_031,산업안전기사20180819(학생용).pdf,fcf6c078ce99bd6af988c6505c8b657c611c0761cc6cfa972a7c9042a02a7ddc,산업안전기사20180819(교사용).pdf,0a545b169ef001bc004629357c2b96e433e3b4da7cf2c69216147920f53bb92b,2+3,2,2,True,True,embedded-visual,1,src/assets/questions/industrial-safety/20180819_031.png,967,514,c538ff9878803dbdcabb3449e0fb033c2fff7ec22ac99329f7fa4bda32fe3d5f,False,jpg 확필,"다음 그림의 결함수에서 최소 패스셋(minmal path sets)과 그 신뢰도 R(t)는? (단, 각각의 부품 신뢰도는 0.9이다.) 문항에 제시된 원본 표·수식·도형"
20180819_035,산업안전기사20180819(학생용).pdf,fcf6c078ce99bd6af988c6505c8b657c611c0761cc6cfa972a7c9042a02a7ddc,산업안전기사20180819(교사용).pdf,0a545b169ef001bc004629357c2b96e433e3b4da7cf2c69216147920f53bb92b,3,4,4,True,True,embedded-visual,1,src/assets/questions/industrial-safety/20180819_035.png,901,382,e7b39da46a7bf4cb9b1dfc64eebe0f997b3f5427ca7f099fd666fef9086d867e,False,jpg 확필,다음 내용의 ( )안에 들어갈 내용을 순서대로 정리한 것은? 문항에 제시된 원본 표·수식·도형
20180819_048,산업안전기사20180819(학생용).pdf,fcf6c078ce99bd6af988c6505c8b657c611c0761cc6cfa972a7c9042a02a7ddc,산업안전기사20180819(교사용).pdf,0a545b169ef001bc004629357c2b96e433e3b4da7cf2c69216147920f53bb92b,4,4,4,True,True,embedded-visual,1,src/assets/questions/industrial-safety/20180819_048.png,453,437,0fadedd1d9d60323c3cb0e1f3d46675e5ef678acde14e91511541fc0538b1572,False,jpg 확필,연삭기 덮개의 개구부 각도가 그림과 같이 150도 이하여야 하는 연삭기의 종류로 옳은 것은? 문항에 제시된 원본 표·수식·도형
20180819_041,산업안전기사20180819(학생용).pdf,fcf6c078ce99bd6af988c6505c8b657c611c0761cc6cfa972a7c9042a02a7ddc,산업안전기사20180819(교사용).pdf,0a545b169ef001bc004629357c2b96e433e3b4da7cf2c69216147920f53bb92b,3+4,3,3,True,True,embedded-visual,1,src/assets/questions/industrial-safety/20180819_041.png,766,981,eb445def46b7a2bc4140db7daa25c0bb72e8073a7648f771b2bf2c989fef8555,False,jpg 확필,"어느 양중기에서 3000kg의 질량을 가진 물체를 한쪽이 45도인 각도로 그림과 같이 2개의 와이어로프로 직접 들어올릴 때, 안전율이 고려된 가장 적절한 와이어로프 지름을 표에 서 구하면?(단, 안전율은 산업안전보건법령을 따르고, 두 와 이어로프의 지름은 동일하며, 기준을 만족하는 가장 작은 지름을 선정한다.) 문항에 제시된 원본 표·수식·도형"
20180819_060,산업안전기사20180819(학생용).pdf,fcf6c078ce99bd6af988c6505c8b657c611c0761cc6cfa972a7c9042a02a7ddc,산업안전기사20180819(교사용).pdf,0a545b169ef001bc004629357c2b96e433e3b4da7cf2c69216147920f53bb92b,5,3,3,True,True,embedded-visual,1,src/assets/questions/industrial-safety/20180819_060.png,926,362,f41748d5f2271b880cde55f654a3a8b8a54d52ea9d6d81bfd438574629bc34e7,False,jpg 확필,다음 설명 중 ( )안에 알맞은 내용은? 문항에 제시된 원본 표·수식·도형
20180819_052,산업안전기사20180819(학생용).pdf,fcf6c078ce99bd6af988c6505c8b657c611c0761cc6cfa972a7c9042a02a7ddc,산업안전기사20180819(교사용).pdf,0a545b169ef001bc004629357c2b96e433e3b4da7cf2c69216147920f53bb92b,4+5,1,1,True,True,embedded-visual,1,src/assets/questions/industrial-safety/20180819_052.png,891,418,76c8fbd9a16c6332dd358670f1abf11c8a007ea5f7e8bbf2f6977eefa9e2d148,False,jpg 확필,다음은 프레스 제작 및 안전기준에 따라 높이 2m 이상인 작업용 발판의 설치 기준을 설명한 것이다. ( )안에 알맞은 말은? 문항에 제시된 원본 표·수식·도형
20180819_066,산업안전기사20180819(학생용).pdf,fcf6c078ce99bd6af988c6505c8b657c611c0761cc6cfa972a7c9042a02a7ddc,산업안전기사20180819(교사용).pdf,0a545b169ef001bc004629357c2b96e433e3b4da7cf2c69216147920f53bb92b,6,1,1,True,True,embedded-visual,4,src/assets/questions/industrial-safety/20180819_066.png,1004,322,fe848849a6cfe6db58c1637c190dd8af20c6f326f397cc021ea9fc91154671ad,False,jpg 확필,"정전유도를 받고 있는 접지되어 있지 않는 도전성 물체에 접촉한 경우 전격을 당하게 되는데 이 때 물체에 유도된 전 압 V(V)를 옵게 나타난 것은? (단, E는 송전선의 대지전압, C1은 송전선과 물체사이의 정전용량, C2는 물체와 대지사 이의 정전용량이며, 물체와 대지사이의 저항은 무시한다.) 문항에 제시된 원본 표·수식·도형"
20180819_063,산업안전기사20180819(학생용).pdf,fcf6c078ce99bd6af988c6505c8b657c611c0761cc6cfa972a7c9042a02a7ddc,산업안전기사20180819(교사용).pdf,0a545b169ef001bc004629357c2b96e433e3b4da7cf2c69216147920f53bb92b,6,1,1,True,True,embedded-visual,1,src/assets/questions/industrial-safety/20180819_063.png,879,322,d7cb39e27353faa469339855a2201e69727461eb3a41cb19aaffec1b59f778d6,False,jpg 확필,다음 ( )안에 들어갈 내용으로 옵은 것은? 문항에 제시된 원본 표·수식·도형
20180819_080,산업안전기사20180819(학생용).pdf,fcf6c078ce99bd6af988c6505c8b657c611c0761cc6cfa972a7c9042a02a7ddc,산업안전기사20180819(교사용).pdf,0a545b169ef001bc004629357c2b96e433e3b4da7cf2c69216147920f53bb92b,7,3,3,True,True,embedded-visual,1,src/assets/questions/industrial-safety/20180819_080.png,235,122,b4c8124e9e437708f86b4e00949c0ac80ed3bedce243e3c143d1d1b8dce399c7,False,jpg 확필,"인체의 전기저항이 5000Ω이고, 세동전류와 통전시간과의 관계를 라 할 경우, 심실세동을 일으키는 위험 에너지는 약 몇 J인가? (단, 통전시간은 1초로 한다) 문항에 제시된 원본 표·수식·도형"
20180819_085,산업안전기사20180819(학생용).pdf,fcf6c078ce99bd6af988c6505c8b657c611c0761cc6cfa972a7c9042a02a7ddc,산업안전기사20180819(교사용).pdf,0a545b169ef001bc004629357c2b96e433e3b4da7cf2c69216147920f53bb92b,7,1,1,True,True,embedded-visual,4,src/assets/questions/industrial-safety/20180819_085.png,772,286,6f0732aeb6104ac4064a1e985cf105586e18b48fae45a2a5180cb756b936f141,False,jpg 확필,"폭발의 위험성을 고려하기 위해 정전에너지 값을 구하고자 한다. 다음 중 정전에너지를 구하는 식은? (단, E는 정전에 너지, C는 정전 용량, V는 전압을 의미한다) 문항에 제시된 원본 표·수식·도형"
20180819_097,산업안전기사20180819(학생용).pdf,fcf6c078ce99bd6af988c6505c8b657c611c0761cc6cfa972a7c9042a02a7ddc,산업안전기사20180819(교사용).pdf,0a545b169ef001bc004629357c2b96e433e3b4da7cf2c69216147920f53bb92b,8,2,2,True,True,embedded-visual,1,src/assets/questions/industrial-safety/20180819_097.png,764,459,428fe14e75c1bb91cacfdb5a5a591952388c5c898a6bd542261893beaa43b548,False,jpg 확필,"다음 [표]를 참조하여 메탄 70vol%, 프로판 21vol%, 부탄 9vol%인 혼합가스의 폭발범위를 구하면 약 몇 vol%인가? 문항에 제시된 원본 표·수식·도형"
20180819_107,산업안전기사20180819(학생용).pdf,fcf6c078ce99bd6af988c6505c8b657c611c0761cc6cfa972a7c9042a02a7ddc,산업안전기사20180819(교사용).pdf,0a545b169ef001bc004629357c2b96e433e3b4da7cf2c69216147920f53bb92b,9,2,2,True,True,embedded-visual,1,src/assets/questions/industrial-safety/20180819_107.png,899,262,ffc883d723bf9e6c9f3f302c0fe7a07c2993f422594441d981422aa438064cfd,False,jpg 확필,철골작업에서의 승강로 설치기준 중 ( )안에 알맞은 것은? 문항에 제시된 원본 표·수식·도형
20180819_103,산업안전기사20180819(학생용).pdf,fcf6c078ce99bd6af988c6505c8b657c611c0761cc6cfa972a7c9042a02a7ddc,산업안전기사20180819(교사용).pdf,0a545b169ef001bc004629357c2b96e433e3b4da7cf2c69216147920f53bb92b,8,2,2,True,True,embedded-visual,1,src/assets/questions/industrial-safety/20180819_103.png,901,356,e6fc9bacdf5aaefae83ae76c75ea2fec5ee737e0e529d9d6f0af3a5c358831ca,False,jpg 확필,다음은 산업안전보건법령에 따른 동바리로 사용하는 파이 프 서포트에 관한 사항이다. ( )안에 들어갈 내용을 순서대 로 옳게 나타낸 것은? 문항에 제시된 원본 표·수식·도형
20190303_023,산업안전기사20190303(학생용).pdf,19d6f4b8761ee89cefbf0d6beec5f8862166ec6bee098889f90e2292181f10e9,산업안전기사20190303(교사용).pdf,2a1625785376441f9d3dae6cf1c3a82845911e16449145372889d88f59e24c37,2,2,2,True,True,embedded-visual,1,src/assets/questions/industrial-safety/20190303_023.png,383,493,0d9d4ffe50bb3fd191c60bec924b348d43f77569f24c9ccc4f13cc5827285c40,False,jpg 확필,FT도에 사용되는 다음 게이트의 명칭은? 문항에 제시된 원본 표·수식·도형
20190303_039,산업안전기사20190303(학생용).pdf,19d6f4b8761ee89cefbf0d6beec5f8862166ec6bee098889f90e2292181f10e9,산업안전기사20190303(교사용).pdf,2a1625785376441f9d3dae6cf1c3a82845911e16449145372889d88f59e24c37,3,4,4,True,True,embedded-visual,1,src/assets/questions/industrial-safety/20190303_039.png,594,279,ae521f5b8579a0f8dcb775de44387f2b1c58abad0f78dce9f327b2191c7deea8,False,jpg 확필,다음의 각 단계를 결함수분석법(FTA)에 의한 재해사례의 연구 순서대로 나열한 것은? 문항에 제시된 원본 표·수식·도형
20190303_064,산업안전기사20190303(학생용).pdf,19d6f4b8761ee89cefbf0d6beec5f8862166ec6bee098889f90e2292181f10e9,산업안전기사20190303(교사용).pdf,2a1625785376441f9d3dae6cf1c3a82845911e16449145372889d88f59e24c37,4+5,1,1,True,True,embedded-visual,5,src/assets/questions/industrial-safety/20190303_064.png,994,1523,bc778298bdf69a8445361dd80289f9e43e848f256b6bb271e5caf1090f88a4ca,False,jpg 확필,다음 그림과 같이 완전 누전되고 있는 전기기기의 외함에 사람이 접촉하였을 경우 인체에 흐르는 전류(Im)는? 문항에 제시된 원본 표·수식·도형
20190303_069,산업안전기사20190303(학생용).pdf,19d6f4b8761ee89cefbf0d6beec5f8862166ec6bee098889f90e2292181f10e9,산업안전기사20190303(교사용).pdf,2a1625785376441f9d3dae6cf1c3a82845911e16449145372889d88f59e24c37,5,2,2,True,True,embedded-visual,4,src/assets/questions/industrial-safety/20190303_069.png,610,736,e0f298eca6741f79b824b05ff8d333024ecb1b216cc6f07f6716409874ba9f5d,False,jpg 확필,대전물체의 표면전위를 검출전극에 의한 용량분할을 통해 측정할 수 있다. 대전물체의 표면전위 Vs는? 문항에 제시된 원본 표·수식·도형
20190427_002,산업안전기사20190427(학생용).pdf,20fbaba170929c687361c1ce9d02b85e83aac812344f36d812e99ecb99fbe89c,산업안전기사20190427(교사용).pdf,67ba3f19b62ba5fc55e69ee69119d764d8b48d9f4c8391794e4fdfe2df2ec7c0,1,1,1,True,True,embedded-visual,4,src/assets/questions/industrial-safety/20190427_002.png,707,410,aa7101a7ad11640b3bd1152d251bcfdb385fed7f4a656f47ee8c213e8420fa61,False,jpg 확필,다음 중 산업안전보건법상 안전인증대상 기계゠기구 등의 안전인증 표시로 옳은 것은? 문항에 제시된 원본 표·수식·도형
20190427_030,산업안전기사20190427(학생용).pdf,20fbaba170929c687361c1ce9d02b85e83aac812344f36d812e99ecb99fbe89c,산업안전기사20190427(교사용).pdf,67ba3f19b62ba5fc55e69ee69119d764d8b48d9f4c8391794e4fdfe2df2ec7c0,2,4,4,True,True,embedded-visual,1,src/assets/questions/industrial-safety/20190427_030.png,793,96,0c6f105dc2b654e7222a14f446f531a4b0a80a34b395e12ddaceb1f560675f2a,False,jpg 확필,"어떤 결함수를 분석하여 minimal cut set을 구한 결과 다음과 같았다. 각 기본사상의 발생확률을 qi, i=1,2,3이라 할 때, 정상사상의 발생확률함수로 맞는 것은? 문항에 제시된 원본 표·수식·도형"
20190427_023,산업안전기사20190427(학생용).pdf,20fbaba170929c687361c1ce9d02b85e83aac812344f36d812e99ecb99fbe89c,산업안전기사20190427(교사용).pdf,67ba3f19b62ba5fc55e69ee69119d764d8b48d9f4c8391794e4fdfe2df2ec7c0,2+2,3,3,True,True,embedded-visual,3,src/assets/questions/industrial-safety/20190427_023.png,667,486,ef6c089841e1ed98d3306c12added6c55236d65c6affeecb85482f554b8d644e,False,jpg 확필,n개의 요소를 가진 병렬 시스템에 있어 요소의 수명(MTTF)이 지수분포를 따를 경우 이 시스템의 수명을 구하는 식으로 맞는 것은? 문항에 제시된 원본 표·수식·도형
20190427_029,산업안전기사20190427(학생용).pdf,20fbaba170929c687361c1ce9d02b85e83aac812344f36d812e99ecb99fbe89c,산업안전기사20190427(교사용).pdf,67ba3f19b62ba5fc55e69ee69119d764d8b48d9f4c8391794e4fdfe2df2ec7c0,2,3,3,True,True,embedded-visual,1,src/assets/questions/industrial-safety/20190427_029.png,676,99,ece7ccd9d851cd8a64a339b8cf53d1d3aa83d2d5ce269c3906f7656f24a3ab3e,False,jpg 확필,다음과 같은 실내 표면에서 일반적으로 추천반사율의 크기를 맞게 나열한 것은? 문항에 제시된 원본 표·수식·도형
20190427_034,산업안전기사20190427(학생용).pdf,20fbaba170929c687361c1ce9d02b85e83aac812344f36d812e99ecb99fbe89c,산업안전기사20190427(교사용).pdf,67ba3f19b62ba5fc55e69ee69119d764d8b48d9f4c8391794e4fdfe2df2ec7c0,3,1,1,True,True,embedded-visual,1,src/assets/questions/industrial-safety/20190427_034.png,1042,267,53051712f1507562ef088caf7ffb3d7577153cab05eb35961d73964d5fc4f946,False,jpg 확필,그림과 같이 7개의 부품으로 구성된 시스템의 신뢰도는 약 얼마인가? 문항에 제시된 원본 표·수식·도형
20190427_065,산업안전기사20190427(학생용).pdf,20fbaba170929c687361c1ce9d02b85e83aac812344f36d812e99ecb99fbe89c,산업안전기사20190427(교사용).pdf,67ba3f19b62ba5fc55e69ee69119d764d8b48d9f4c8391794e4fdfe2df2ec7c0,5,4,4,True,True,embedded-visual,1,src/assets/questions/industrial-safety/20190427_065.png,1039,214,abd224db6b897c73d406abd49045ef8ce98d584c43eeaced79bf26ab0b4928cc,False,jpg 확필,전류가 흐르는 상태에서 단로기를 끊었을 때 여러 가지 파괴작용을 일으킨다. 다음 그림에서 유입차단기의 차단순위와 투입순위가 안전수칙에 가장 적합한 것은? 문항에 제시된 원본 표·수식·도형
20190427_081,산업안전기사20190427(학생용).pdf,20fbaba170929c687361c1ce9d02b85e83aac812344f36d812e99ecb99fbe89c,산업안전기사20190427(교사용).pdf,67ba3f19b62ba5fc55e69ee69119d764d8b48d9f4c8391794e4fdfe2df2ec7c0,6,1,1,True,True,embedded-visual,1,src/assets/questions/industrial-safety/20190427_081.png,968,449,ae9fdfc8387c785965ea8dc2f573b2da70482cabfedb3916e9ded3226985cb49,False,jpg 확필,가연성 가스 혼합물을 구성하는 각 성분의 조성과 연소범위가 다음 [표]와 같을 때 혼합 가스의 연소하한값은 약 몇 vol%인가? 문항에 제시된 원본 표·수식·도형
20180304_078,산업안전기사20180304(학생용).pdf,3267979b183b5785148b50e5e1959bf51835f3c9779df9e6e62d59bbf901b518,산업안전기사20180304(교사용).pdf,25512d3e4c83daf7affc147f837a24f6c47d9ca8c692d17c36e233965903cff0,6,4,4,True,True,embedded-visual,1,src/assets/questions/industrial-safety/20180304_078.png,979,216,ef2e619bd0c4b5b70c63234b2a8878da1bcea53d9e82fc36c4a3a61f8a407638,False,jpg 확필,개폐조작 시 안전절차에 따른 차단 순서와 투입 순서로 가장 올바른 것은? 문항에 제시된 원본 표·수식·도형
