priority,cert_id,subject_id,slug,title,body_characters,h2_count,h3_count,has_table,has_math,question_relation_count,body_characters_per_question,audit_reason
우선,industrial-safety,4,static-occurrence-factors,정전기 발생 요인,525,4,0,true,false,8,65.6,기출 관계가 8개 이상인데 본문이 800자 미만
우선,industrial-safety,6,steel-pipe-scaffold,강관비계·강관틀비계 설치 기준,556,4,0,true,false,9,61.8,기출 관계가 8개 이상인데 본문이 800자 미만
우선,industrial-safety,3,press-pre-work-checklist,프레스 작업시작 전 점검사항 7가지,557,4,0,true,false,9,61.9,기출 관계가 8개 이상인데 본문이 800자 미만
우선,energy-management,1,heating-load-radiators,난방부하·방열기 계산,567,5,0,false,false,45,12.6,기출 관계가 8개 이상인데 본문이 800자 미만
우선,industrial-safety,4,static-prevention,정전기 재해 방지 대책,593,4,0,true,false,14,42.4,기출 관계가 8개 이상인데 본문이 800자 미만
우선,industrial-safety,3,mold-safety,금형 설치·해체 안전조치와 안전블록,605,4,0,true,false,10,60.5,기출 관계가 8개 이상인데 본문이 800자 미만
우선,energy-management,1,insulation-materials,보온·단열재,613,5,0,false,false,41,15,기출 관계가 8개 이상인데 본문이 800자 미만
우선,energy-management,1,boiler-accessory-equipment,보일러 계측·부속장치,631,4,0,false,false,86,7.3,기출 관계가 8개 이상인데 본문이 800자 미만
우선,industrial-safety,3,machine-tools-safety,공작기계 안전 (선반·밀링·드릴),631,4,0,true,false,22,28.7,기출 관계가 8개 이상인데 본문이 800자 미만
우선,industrial-safety,5,reactor-distillation-equipment,반응기·증류탑·열교환기,637,4,0,true,false,9,70.8,기출 관계가 8개 이상인데 본문이 800자 미만
우선,industrial-safety,3,conveyor-safety,콘베이어 안전,644,4,0,true,false,10,64.4,기출 관계가 8개 이상인데 본문이 800자 미만
우선,industrial-safety,6,excavation-slope-standard,굴착면 기울기 기준표,647,4,0,true,true,8,80.9,기출 관계가 8개 이상인데 본문이 800자 미만
우선,energy-management,1,steam-traps-condensate,증기트랩·응축수 환수,649,5,0,true,false,25,26,기출 관계가 8개 이상인데 본문이 800자 미만
우선,industrial-safety,6,temporary-passage-stairs,가설통로·계단 기준,651,4,0,true,false,9,72.3,기출 관계가 8개 이상인데 본문이 800자 미만
우선,energy-management,1,environmental-pollution-control,집진·환경설비,654,4,0,true,false,31,21.1,기출 관계가 8개 이상인데 본문이 800자 미만
우선,industrial-safety,3,test-types,재료 시험 종류,659,4,0,true,false,14,47.1,기출 관계가 8개 이상인데 본문이 800자 미만
우선,industrial-safety,6,tunnel-blasting,터널·발파 안전,660,4,0,true,false,16,41.3,기출 관계가 8개 이상인데 본문이 800자 미만
우선,energy-management,1,fuel-properties,연료 특성·발열량,681,5,0,false,false,83,8.2,기출 관계가 8개 이상인데 본문이 800자 미만
우선,industrial-safety,5,complete-combustion-cst,완전연소 조성 농도 (Cst),684,4,0,true,true,8,85.5,기출 관계가 8개 이상인데 본문이 800자 미만
우선,industrial-safety,6,steel-frame-work,철골작업 안전,697,4,0,true,false,10,69.7,기출 관계가 8개 이상인데 본문이 800자 미만
우선,industrial-safety,4,electrical-fire-causes,전기화재 원인,700,4,0,true,false,8,87.5,기출 관계가 8개 이상인데 본문이 800자 미만
우선,industrial-safety,1,protective-equipment-types,보호구 종류 및 적용,706,4,0,true,false,10,70.6,기출 관계가 8개 이상인데 본문이 800자 미만
우선,energy-management,1,draft-flue-gas,통풍·연도·굴뚝,713,5,0,true,false,47,15.2,기출 관계가 8개 이상인데 본문이 800자 미만
우선,industrial-safety,3,press-safety-devices,프레스 방호장치 종류,718,4,0,true,false,12,59.8,기출 관계가 8개 이상인데 본문이 800자 미만
우선,industrial-safety,3,industrial-robot-safety,산업용 로봇 안전 조치,734,4,0,true,false,10,73.4,기출 관계가 8개 이상인데 본문이 800자 미만
우선,industrial-safety,2,cutset-pathset,컷셋·패스셋·미니멀,735,4,0,true,true,13,56.5,기출 관계가 8개 이상인데 본문이 800자 미만
우선,energy-management,1,burners-furnaces-atomization,버너·화격자·연소장치,754,5,0,true,false,62,12.2,기출 관계가 8개 이상인데 본문이 800자 미만
우선,energy-management,1,boiler-installation-combustion,연소·공기비·배기가스 계산,763,5,0,false,false,44,17.3,기출 관계가 8개 이상인데 본문이 800자 미만
우선,energy-management,1,heating-systems,증기·온수·복사난방,771,5,0,false,false,114,6.8,기출 관계가 8개 이상인데 본문이 800자 미만
우선,industrial-safety,2,system-analysis-techniques,시스템 분석 기법 비교,780,4,0,true,false,11,70.9,기출 관계가 8개 이상인데 본문이 800자 미만
우선,industrial-safety,6,safety-management-cost,산업안전보건관리비,789,4,0,true,false,12,65.8,기출 관계가 8개 이상인데 본문이 800자 미만
검토,industrial-safety,6,tower-crane-wind-limits,타워크레인 강풍 작업중지 기준,306,3,0,true,false,1,306,완료 챕터의 자체 본문이 450자 미만
검토,industrial-safety,4,grounding-targets,전기기기 접지 대상,312,4,2,false,false,1,312,완료 챕터의 자체 본문이 450자 미만
검토,industrial-safety,5,fire-suppression-principles,소화 원리 4가지,321,4,0,false,false,1,321,완료 챕터의 자체 본문이 450자 미만
검토,industrial-safety,6,demolition-safety-measures,해체 작업 안전 조치,334,4,0,false,false,6,55.7,완료 챕터의 자체 본문이 450자 미만
검토,industrial-safety,3,overload-prevention-device,양중기 과부하방지장치 기준,338,4,0,false,false,4,84.5,완료 챕터의 자체 본문이 450자 미만
검토,industrial-safety,6,tower-crane-rope-support,타워크레인 와이어로프 지지,347,4,2,false,false,3,115.7,완료 챕터의 자체 본문이 450자 미만
검토,industrial-safety,6,gangway-ladder-standard,현문 사다리 설치기준,351,3,0,true,false,2,175.5,완료 챕터의 자체 본문이 450자 미만
검토,industrial-safety,2,thermal-conditions-wbgt,온열조건 (WBGT·실효온도),353,4,0,false,true,2,176.5,완료 챕터의 자체 본문이 450자 미만
검토,industrial-safety,2,rmr-energy-metabolism,RMR (에너지 대사율),353,4,0,false,true,1,353,완료 챕터의 자체 본문이 450자 미만
검토,industrial-safety,3,crane-passenger-safety,크레인 전용탑승설비 추락방지,355,4,0,false,false,1,355,완료 챕터의 자체 본문이 450자 미만
검토,industrial-safety,4,leakage-breaker-exception,누전차단기 설치 불필요 조건,359,4,2,false,false,4,89.8,완료 챕터의 자체 본문이 450자 미만
검토,industrial-safety,2,compatibility,양립성,359,4,0,false,false,1,359,완료 챕터의 자체 본문이 450자 미만
검토,industrial-safety,4,grounding-exemption,접지공사 면제·생략 조건,360,4,0,false,false,2,180,완료 챕터의 자체 본문이 450자 미만
검토,industrial-safety,5,purge-inerting,퍼지 (불활성화),361,4,0,false,false,1,361,완료 챕터의 자체 본문이 450자 미만
검토,industrial-safety,1,fatality-per-10k,사망만인율,362,4,0,false,true,1,362,완료 챕터의 자체 본문이 450자 미만
검토,industrial-safety,4,lightning-arrester-conditions,피뢰기 구비조건,363,4,0,false,false,2,181.5,완료 챕터의 자체 본문이 450자 미만
검토,industrial-safety,2,signal-detection-theory,신호검출이론 (SDT),367,4,0,true,false,1,367,완료 챕터의 자체 본문이 450자 미만
검토,industrial-safety,5,co2-extinguisher,CO₂ 소화약제 특성,370,4,2,false,false,2,185,완료 챕터의 자체 본문이 450자 미만
검토,industrial-safety,5,endothermic-substances,흡열반응 물질,371,4,0,false,false,1,371,완료 챕터의 자체 본문이 450자 미만
검토,industrial-safety,5,safe-explosion-combinations,폭발 위험 낮은 조합,374,4,2,false,false,5,74.8,완료 챕터의 자체 본문이 450자 미만
검토,industrial-safety,1,leadership-headship,리더십·헤드십,375,4,0,true,false,2,187.5,완료 챕터의 자체 본문이 450자 미만
검토,industrial-safety,6,soil-permeability-factors,흙의 투수계수 영향 인자,379,4,0,false,false,1,379,완료 챕터의 자체 본문이 450자 미만
검토,industrial-safety,6,walkway-board-standard,통로발판 구조 기준,379,4,0,false,false,1,379,완료 챕터의 자체 본문이 450자 미만
검토,industrial-safety,5,bleve,BLEVE (비등액체증기폭발),380,4,0,false,false,2,190,완료 챕터의 자체 본문이 450자 미만
검토,industrial-safety,4,breaker-types,차단기 종류 비교,384,4,0,true,false,1,384,완료 챕터의 자체 본문이 450자 미만
검토,industrial-safety,2,z-score,표준화 변수 Z,389,4,0,false,true,2,194.5,완료 챕터의 자체 본문이 450자 미만
검토,industrial-safety,4,body-current,통전전류,391,4,0,false,true,1,391,완료 챕터의 자체 본문이 450자 미만
검토,industrial-safety,6,soil-test-types,토질 시험 종류,391,4,0,false,false,1,391,완료 챕터의 자체 본문이 450자 미만
검토,industrial-safety,4,welder-duty-cycle,아크 용접기 허용사용률,392,4,0,false,true,2,196,완료 챕터의 자체 본문이 450자 미만
검토,industrial-safety,6,hanging-scaffold-safety-factor,달비계 안전계수 기준,393,4,2,false,true,4,98.3,완료 챕터의 자체 본문이 450자 미만
검토,industrial-safety,4,max-leakage-current,저압전선로 허용 누설전류,394,4,0,false,true,3,131.3,완료 챕터의 자체 본문이 450자 미만
검토,industrial-safety,2,point-source-illuminance,점광원 조도,394,4,0,false,true,2,197,완료 챕터의 자체 본문이 450자 미만
검토,industrial-safety,1,frequency-severity-indicator,종합재해지수 (FSI),394,4,0,false,true,1,394,완료 챕터의 자체 본문이 450자 미만
검토,industrial-safety,3,sling-wire-tension,슬링 와이어 장력,400,4,0,false,true,1,400,완료 챕터의 자체 본문이 450자 미만
검토,industrial-safety,3,grinder-rotation-speed,연삭숫돌 회전속도,408,4,0,false,true,3,136,완료 챕터의 자체 본문이 450자 미만
검토,industrial-safety,1,social-behavior-types,사회행동 기본형태,410,4,0,true,false,1,410,완료 챕터의 자체 본문이 450자 미만
검토,industrial-safety,3,grinder-exposure-angle,연삭기 노출각도 기준,412,4,0,true,false,2,206,완료 챕터의 자체 본문이 450자 미만
검토,industrial-safety,1,safety-education-stages,교육의 3단계·단계별 과정,412,4,0,false,false,2,206,완료 챕터의 자체 본문이 450자 미만
검토,industrial-safety,3,roller-stop-rope-standard,롤러기 급정지장치 조작부 로프 기준,413,4,0,true,false,1,413,완료 챕터의 자체 본문이 450자 미만
검토,industrial-safety,3,crane-rope-load,크레인 로프 하중,417,4,2,false,true,2,208.5,완료 챕터의 자체 본문이 450자 미만
검토,industrial-safety,5,fourier-heat-law,푸리에 열전도 법칙,418,4,2,false,true,1,418,완료 챕터의 자체 본문이 450자 미만
검토,industrial-safety,2,reliability-rt,신뢰도 R(t),418,4,0,false,true,1,418,완료 챕터의 자체 본문이 450자 미만
검토,industrial-safety,3,shaper-structure,형삭기 구조와 램,418,4,0,true,false,1,418,완료 챕터의 자체 본문이 450자 미만
검토,industrial-safety,3,balance-flange-diameter,평형 플랜지 지름,425,4,0,false,true,4,106.3,완료 챕터의 자체 본문이 450자 미만
검토,industrial-safety,2,mttf,MTTF (평균동작시간),425,4,0,false,true,1,425,완료 챕터의 자체 본문이 450자 미만
검토,industrial-safety,2,composite-noise,합성 소음,427,4,2,false,true,1,427,완료 챕터의 자체 본문이 450자 미만
검토,industrial-safety,1,tyler-learning-principles,타일러 학습경험 원리,429,4,1,false,false,1,429,완료 챕터의 자체 본문이 450자 미만
검토,industrial-safety,4,insulation-temperature,절연물 등급별 허용온도,433,4,0,true,false,2,216.5,완료 챕터의 자체 본문이 450자 미만
검토,industrial-safety,4,power-current,전력 기준 전류 (단상·3상),433,4,2,false,true,1,433,완료 챕터의 자체 본문이 450자 미만
검토,industrial-safety,4,charge-capacitance,전하량·정전용량,434,4,0,true,true,2,217,완료 챕터의 자체 본문이 450자 미만
검토,industrial-safety,4,welder-efficiency,교류 아크 용접기 효율,434,4,0,false,true,1,434,완료 챕터의 자체 본문이 450자 미만
검토,industrial-safety,6,temporary-structure-defects,가설구조물 4대 특징,435,4,2,false,false,1,435,완료 챕터의 자체 본문이 450자 미만
검토,industrial-safety,3,ilo-guard-opening,보호망·가드 개구부 안전간격,436,5,2,true,true,2,218,완료 챕터의 자체 본문이 450자 미만
검토,industrial-safety,4,ohms-law,옴의 법칙,438,4,0,true,true,4,109.5,완료 챕터의 자체 본문이 450자 미만
검토,industrial-safety,2,availability,가용도 (Availability),441,4,0,false,true,1,441,완료 챕터의 자체 본문이 450자 미만
검토,industrial-safety,3,safety-factor,안전계수 (SF),442,4,0,false,true,6,73.7,완료 챕터의 자체 본문이 450자 미만
검토,industrial-safety,2,murrell-rest-formula,휴식시간 산정 (Murrell),444,4,0,false,true,2,222,완료 챕터의 자체 본문이 450자 미만
검토,industrial-safety,4,electrostatic-induction,정전유도 분배 전압,446,4,0,true,true,3,148.7,완료 챕터의 자체 본문이 450자 미만
검토,industrial-safety,2,safety-assessment-basic-principles,안전성 평가 기본원칙 6단계,446,4,1,false,false,1,446,완료 챕터의 자체 본문이 450자 미만
검토,industrial-safety,5,mixed-solution-concentration,혼합 용액 농도,447,4,2,false,true,2,223.5,완료 챕터의 자체 본문이 450자 미만
검토,industrial-safety,6,slope-stabilization-methods,사면 안정 공법 분류,447,4,0,false,false,1,447,완료 챕터의 자체 본문이 450자 미만
검토,industrial-safety,1,learning-theories,학습이론 (손다이크·파블로프·스키너),449,4,0,false,false,2,224.5,완료 챕터의 자체 본문이 450자 미만
